OBJECTID,Id,ET_ID,GlobalID,ShapeSTArea,ShapeSTLength
6742,0,0,{3E29BB14-3117-49F1-8481-01A6A680DB9A},427282310.32666,112231.794189
